qid,entity,domain,kind,decile,pageviews_12m,sitelinks,article_len,in_v1,source,flags
Q19267239,Antoni Scheur,writers,real,0,120,2,4070,False,sparql,"{""disambiguation_risk"": false, ""pageview_zero"": false}"
Q9154687,Aniela Jasińska,writers,real,0,126,1,1378,False,sparql,"{""disambiguation_risk"": false, ""pageview_zero"": false}"
Q19268809,Marzena Orczyk-Wiczkowska,writers,real,0,165,3,4824,False,sparql,"{""disambiguation_risk"": false, ""pageview_zero"": false}"
Q11684364,Adam Rzążewski,writers,real,0,156,1,3952,False,sparql,"{""disambiguation_risk"": false, ""pageview_zero"": false}"
Q9179976,Bronisława Wierusz-Kowalska,writers,real,0,171,3,4333,False,sparql,"{""disambiguation_risk"": false, ""pageview_zero"": false}"
Q21288094,Martyna Buliżańska,writers,real,0,133,2,1973,False,sparql,"{""disambiguation_risk"": false, ""pageview_zero"": false}"
Q100130921,Karolina Mycielska,writers,real,0,157,1,4606,False,sparql,"{""disambiguation_risk"": false, ""pageview_zero"": false}"
Q11778692,Michał Daniel Mordarski,writers,real,0,80,1,2832,False,sparql,"{""disambiguation_risk"": false, ""pageview_zero"": false}"
Q11725004,Jerzy Machonbaum,writers,real,0,49,1,5239,False,sparql,"{""disambiguation_risk"": false, ""pageview_zero"": false}"
Q63284813,Tomasz Ważny (poeta),writers,real,0,69,2,3944,False,sparql,"{""disambiguation_risk"": false, ""pageview_zero"": false}"
Q122649494,Bolesław Brzeziński,writers,real,0,166,1,4665,False,sparql,"{""disambiguation_risk"": false, ""pageview_zero"": false}"
Q9345361,Stefan Stefański (dziennikarz),writers,real,0,63,1,2199,False,sparql,"{""disambiguation_risk"": false, ""pageview_zero"": false}"
Q11769144,Maria Siedmiograj,writers,real,0,113,1,4345,False,sparql,"{""disambiguation_risk"": false, ""pageview_zero"": false}"
Q9344851,Stefan Arbatowski,writers,real,0,166,1,3895,False,sparql,"{""disambiguation_risk"": false, ""pageview_zero"": false}"
Q11698722,Franciszek Siwek,writers,real,0,55,1,1952,False,sparql,"{""disambiguation_risk"": false, ""pageview_zero"": false}"
Q11687756,Bernard Antochewicz,writers,real,0,173,2,2928,True,sparql,"{""disambiguation_risk"": false, ""pageview_zero"": false}"
Q56340383,Edward Żółtowski (pułkownik),writers,real,0,95,1,5760,False,sparql,"{""disambiguation_risk"": false, ""pageview_zero"": false}"
Q97456283,Janusz Stępowski,writers,real,0,17,1,9516,False,sparql,"{""disambiguation_risk"": false, ""pageview_zero"": false}"
Q11727468,Joanna Mossakowska,writers,real,0,89,1,1919,False,sparql,"{""disambiguation_risk"": false, ""pageview_zero"": false}"
Q91882425,Ryszard Mieczysław Klisowski,writers,real,0,144,1,18690,False,sparql,"{""disambiguation_risk"": false, ""pageview_zero"": false}"
Q11762545,Longin Szparaga,writers,real,0,115,2,1452,False,sparql,"{""disambiguation_risk"": false, ""pageview_zero"": false}"
Q9388425,Zbigniew Zalewski (poeta),writers,real,0,134,1,2250,False,sparql,"{""disambiguation_risk"": false, ""pageview_zero"": false}"
Q112454103,Lesław Pytka,writers,real,0,0,1,3375,False,sparql,"{""disambiguation_risk"": false, ""pageview_zero"": true}"
Q126942279,Wera Sztabowa,writers,real,0,139,2,4265,False,sparql,"{""disambiguation_risk"": false, ""pageview_zero"": false}"
Q7945903,Zofia Umerska,writers,real,0,78,1,5470,False,sparql,"{""disambiguation_risk"": false, ""pageview_zero"": false}"
Q9342700,Stanisław Obrzud (literat),writers,real,0,73,1,7138,False,sparql,"{""disambiguation_risk"": false, ""pageview_zero"": false}"
Q9310766,Robert Danel,writers,real,0,108,1,3203,False,sparql,"{""disambiguation_risk"": false, ""pageview_zero"": false}"
Q85134155,Eligiusz Pieczyński,writers,real,0,75,1,4612,False,sparql,"{""disambiguation_risk"": false, ""pageview_zero"": false}"
Q11709027,Henryk Kuminek,writers,real,0,178,1,6405,False,sparql,"{""disambiguation_risk"": false, ""pageview_zero"": false}"
Q105527771,Halina Golczowa,writers,real,0,110,2,3360,False,sparql,"{""disambiguation_risk"": false, ""pageview_zero"": false}"
Q30604262,Zofia Pomian-Piętka,writers,real,1,189,1,3100,False,sparql,"{""disambiguation_risk"": false, ""pageview_zero"": false}"
Q9373632,Wiesław Wodecki,writers,real,1,225,2,7073,False,sparql,"{""disambiguation_risk"": false, ""pageview_zero"": false}"
Q9375691,Witold Juliusz Kapuściński,writers,real,1,251,1,5936,False,sparql,"{""disambiguation_risk"": false, ""pageview_zero"": false}"
Q9392991,Zygmunt Malewski,writers,real,1,223,1,10042,False,sparql,"{""disambiguation_risk"": false, ""pageview_zero"": false}"
Q108271334,Paweł Baranowski (poeta),writers,real,1,248,1,4072,False,sparql,"{""disambiguation_risk"": false, ""pageview_zero"": false}"
Q11738108,Kazimierz Maria Kowalski,writers,real,1,242,1,1627,False,sparql,"{""disambiguation_risk"": false, ""pageview_zero"": false}"
Q9392854,Zygmunt Fijas,writers,real,1,210,2,2563,True,sparql,"{""disambiguation_risk"": false, ""pageview_zero"": false}"
Q65097,Tadeusz Łada-Zabłocki,writers,real,1,241,7,4086,False,sparql,"{""disambiguation_risk"": false, ""pageview_zero"": false}"
Q11769588,Marian Niżyński,writers,real,1,244,2,4609,False,sparql,"{""disambiguation_risk"": false, ""pageview_zero"": false}"
Q97372287,Maciej Jasiński (scenarzysta),writers,real,1,263,1,5070,False,sparql,"{""disambiguation_risk"": false, ""pageview_zero"": false}"
Q9341649,Stanisław Brandowski,writers,real,1,192,1,6720,False,sparql,"{""disambiguation_risk"": false, ""pageview_zero"": false}"
Q25711422,Walery Wacław Wołodźko,writers,real,1,230,3,4583,False,sparql,"{""disambiguation_risk"": false, ""pageview_zero"": false}"
Q26201792,Jan Biela,writers,real,1,263,2,5349,False,sparql,"{""disambiguation_risk"": false, ""pageview_zero"": false}"
Q100591466,Marcin Radwański,writers,real,1,252,1,3937,False,sparql,"{""disambiguation_risk"": false, ""pageview_zero"": false}"
Q523101,Teresa Borawska,writers,real,1,206,5,4037,False,sparql,"{""disambiguation_risk"": false, ""pageview_zero"": false}"
Q28074779,Józefa Sawicka,writers,real,1,213,4,2824,False,sparql,"{""disambiguation_risk"": false, ""pageview_zero"": false}"
Q7218959,Naftali Lau-Lawi,writers,real,1,261,6,3083,False,sparql,"{""disambiguation_risk"": false, ""pageview_zero"": false}"
Q9324636,Ryszard Chłopek,writers,real,1,237,2,6453,False,sparql,"{""disambiguation_risk"": false, ""pageview_zero"": false}"
Q11731577,Józef Wargin-Słomiński,writers,real,1,203,1,7474,False,sparql,"{""disambiguation_risk"": false, ""pageview_zero"": false}"
Q11717578,Jan Goślicki,writers,real,1,214,1,6038,False,sparql,"{""disambiguation_risk"": false, ""pageview_zero"": false}"
Q65161530,Helena Witkowska,writers,real,1,242,2,13334,False,sparql,"{""disambiguation_risk"": false, ""pageview_zero"": false}"
Q114680289,Olgierd Hurka,writers,real,1,210,2,3189,False,sparql,"{""disambiguation_risk"": false, ""pageview_zero"": false}"
Q99628425,Mikołaj Rostworowski,writers,real,1,231,1,7162,False,sparql,"{""disambiguation_risk"": false, ""pageview_zero"": false}"
Q11813790,Paulina Korzeniewska,writers,real,1,277,1,3295,False,sparql,"{""disambiguation_risk"": false, ""pageview_zero"": false}"
Q17326379,Stanisław Klimek (1903–1939),writers,real,1,267,3,6689,False,sparql,"{""disambiguation_risk"": false, ""pageview_zero"": false}"
Q19268160,Janusz Wasylkowski,writers,real,1,282,3,4882,False,sparql,"{""disambiguation_risk"": false, ""pageview_zero"": false}"
Q11729271,Juliusz Dankowski,writers,real,1,240,2,1278,True,sparql,"{""disambiguation_risk"": false, ""pageview_zero"": false}"
Q11717900,Jan Kanty Podolecki,writers,real,1,258,2,4112,False,sparql,"{""disambiguation_risk"": false, ""pageview_zero"": false}"
Q9354167,Tadeusz Czajka (pisarz),writers,real,1,201,2,3916,False,sparql,"{""disambiguation_risk"": false, ""pageview_zero"": false}"
Q19697859,Roman Bańkowski,writers,real,1,222,1,23327,False,sparql,"{""disambiguation_risk"": false, ""pageview_zero"": false}"
Q65175377,Tadeusz Zawierucha,writers,real,2,296,2,9567,False,sparql,"{""disambiguation_risk"": false, ""pageview_zero"": false}"
Q11724388,Jerzy Bogdan Kos,writers,real,2,337,1,5178,False,sparql,"{""disambiguation_risk"": false, ""pageview_zero"": false}"
Q18169991,Natalia Zarembina,writers,real,2,385,5,5136,False,sparql,"{""disambiguation_risk"": false, ""pageview_zero"": false}"
Q2966306,Krzysztof Andrzej Jeżewski,writers,real,2,310,4,9421,False,sparql,"{""disambiguation_risk"": false, ""pageview_zero"": false}"
Q11729940,Józef Bieniek,writers,real,2,311,1,5655,False,sparql,"{""disambiguation_risk"": false, ""pageview_zero"": false}"
Q11715580,Jacek Soliński,writers,real,2,303,4,14080,False,sparql,"{""disambiguation_risk"": false, ""pageview_zero"": false}"
Q42302569,Krzysztof Mrozowski,writers,real,2,385,1,8196,False,sparql,"{""disambiguation_risk"": false, ""pageview_zero"": false}"
Q11685919,Andrzej Jochelson,writers,real,2,286,2,13097,False,sparql,"{""disambiguation_risk"": false, ""pageview_zero"": false}"
Q22807204,Janina Januszewska-Skreiberg,writers,real,2,286,1,8073,False,sparql,"{""disambiguation_risk"": false, ""pageview_zero"": false}"
Q9139749,Adam Kaska,writers,real,2,343,2,5171,False,sparql,"{""disambiguation_risk"": false, ""pageview_zero"": false}"
Q9389822,Zdzisław Pyzik,writers,real,2,363,1,4714,False,sparql,"{""disambiguation_risk"": false, ""pageview_zero"": false}"
Q9250990,Edward Kozikowski,writers,real,2,333,3,8224,False,sparql,"{""disambiguation_risk"": false, ""pageview_zero"": false}"
Q65165152,Helena Ceysinger,writers,real,2,378,3,10485,False,sparql,"{""disambiguation_risk"": false, ""pageview_zero"": false}"
Q9376676,Wojciech Marek Darski,writers,real,2,316,1,6976,False,sparql,"{""disambiguation_risk"": false, ""pageview_zero"": false}"
Q9253453,Emil Biela,writers,real,2,312,4,10236,False,sparql,"{""disambiguation_risk"": false, ""pageview_zero"": false}"
Q11742907,Konstanty Górski (polityk),writers,real,2,307,2,4718,False,sparql,"{""disambiguation_risk"": false, ""pageview_zero"": false}"
Q9370285,Waldemar Żyszkiewicz,writers,real,2,380,1,4566,False,sparql,"{""disambiguation_risk"": false, ""pageview_zero"": false}"
Q9387875,Zbigniew Florczak,writers,real,2,370,1,4272,False,sparql,"{""disambiguation_risk"": false, ""pageview_zero"": false}"
Q11836188,Stanisław Dąbrowski (pastor),writers,real,2,360,1,9821,False,sparql,"{""disambiguation_risk"": false, ""pageview_zero"": false}"
Q27171776,Danuta Bartosz (poetka),writers,real,2,339,3,13868,False,sparql,"{""disambiguation_risk"": false, ""pageview_zero"": false}"
Q11685978,Andrzej Lipniewski,writers,real,2,319,2,6903,False,sparql,"{""disambiguation_risk"": false, ""pageview_zero"": false}"
Q111358867,Paweł Mościcki,writers,real,2,304,2,5101,False,sparql,"{""disambiguation_risk"": false, ""pageview_zero"": false}"
Q11725573,Jerzy Tomaszkiewicz,writers,real,2,289,2,15377,False,sparql,"{""disambiguation_risk"": false, ""pageview_zero"": false}"
Q4978304,Jan Rompski,writers,real,2,340,5,21803,False,sparql,"{""disambiguation_risk"": false, ""pageview_zero"": false}"
Q3918280,Michał Chodźko,writers,real,2,359,7,3281,False,sparql,"{""disambiguation_risk"": false, ""pageview_zero"": false}"
Q12749,Kazimierz Bein,writers,real,2,312,21,7567,False,sparql,"{""disambiguation_risk"": false, ""pageview_zero"": false}"
Q9342594,Stanisław Misakowski,writers,real,2,376,4,8893,False,sparql,"{""disambiguation_risk"": false, ""pageview_zero"": false}"
Q9148782,Alojzy Andrzej Łuczak,writers,real,2,345,1,6209,False,sparql,"{""disambiguation_risk"": false, ""pageview_zero"": false}"
Q6373081,Karol Wiktor Zawodziński,writers,real,2,381,3,6779,False,sparql,"{""disambiguation_risk"": false, ""pageview_zero"": false}"
Q11730828,Józef Lipkowski,writers,real,2,356,1,8795,False,sparql,"{""disambiguation_risk"": false, ""pageview_zero"": false}"
Q15941899,Ludomił German,writers,real,3,464,4,7979,False,sparql,"{""disambiguation_risk"": false, ""pageview_zero"": false}"
Q21288082,Eugenia Basara-Lipiec,writers,real,3,398,1,3403,False,sparql,"{""disambiguation_risk"": false, ""pageview_zero"": false}"
Q64140509,Maria Jentys-Borelowska,writers,real,3,533,1,9845,False,sparql,"{""disambiguation_risk"": false, ""pageview_zero"": false}"
Q112504679,Łukasz Radecki,writers,real,3,509,1,10176,False,sparql,"{""disambiguation_risk"": false, ""pageview_zero"": false}"
Q16562865,Jerzy Piechowski,writers,real,3,432,1,2588,False,sparql,"{""disambiguation_risk"": false, ""pageview_zero"": false}"
Q11769106,Maria Pruszkowska,writers,real,3,436,3,7806,False,sparql,"{""disambiguation_risk"": false, ""pageview_zero"": false}"
Q11748727,Krystyna Kwiatkowska,writers,real,3,520,1,5203,False,sparql,"{""disambiguation_risk"": false, ""pageview_zero"": false}"
Q117034959,Joanna Pociask-Karteczka,writers,real,3,417,2,10215,False,sparql,"{""disambiguation_risk"": false, ""pageview_zero"": false}"
Q85529328,Antoni Sypek,writers,real,3,479,2,12579,False,sparql,"{""disambiguation_risk"": false, ""pageview_zero"": false}"
Q9145941,Aleksander Rogalski,writers,real,3,481,1,10603,False,sparql,"{""disambiguation_risk"": false, ""pageview_zero"": false}"
Q11702761,Grzegorz Olszański,writers,real,3,428,2,7181,False,sparql,"{""disambiguation_risk"": false, ""pageview_zero"": false}"
Q9250260,Eda Ostrowska,writers,real,3,560,4,10105,False,sparql,"{""disambiguation_risk"": false, ""pageview_zero"": false}"
Q85859432,Anna J. Szepielak,writers,real,3,492,2,8693,False,sparql,"{""disambiguation_risk"": false, ""pageview_zero"": false}"
Q11719850,Janina Orynżyna,writers,real,3,508,1,15728,False,sparql,"{""disambiguation_risk"": false, ""pageview_zero"": false}"
Q2497505,Stanisław Pestkowski,writers,real,3,498,9,10684,False,sparql,"{""disambiguation_risk"": false, ""pageview_zero"": false}"
Q4069810,Andrzej Marek (artysta),writers,real,3,547,5,10853,False,sparql,"{""disambiguation_risk"": false, ""pageview_zero"": false}"
Q890432,Bogdan Ostromęcki,writers,real,3,467,4,3776,False,sparql,"{""disambiguation_risk"": false, ""pageview_zero"": false}"
Q24717955,Jarosław Charkiewicz,writers,real,3,513,2,8347,False,sparql,"{""disambiguation_risk"": false, ""pageview_zero"": false}"
Q5106489,Edward Lubowski,writers,real,3,431,5,9459,False,sparql,"{""disambiguation_risk"": false, ""pageview_zero"": false}"
Q62131448,Krystyna Chodorowska,writers,real,3,521,2,7197,False,sparql,"{""disambiguation_risk"": false, ""pageview_zero"": false}"
Q11685203,Aleksandra Pezda,writers,real,3,526,2,3612,False,sparql,"{""disambiguation_risk"": false, ""pageview_zero"": false}"
Q9199023,Czesław Bednarczyk,writers,real,3,534,1,6805,False,sparql,"{""disambiguation_risk"": false, ""pageview_zero"": false}"
Q65175068,Stanisław Magierski,writers,real,3,456,1,7855,False,sparql,"{""disambiguation_risk"": false, ""pageview_zero"": false}"
Q9153533,Andrzej Sieradzki,writers,real,3,501,1,8776,False,sparql,"{""disambiguation_risk"": false, ""pageview_zero"": false}"
Q1620347,Hirsz Dawid Nomberg,writers,real,3,457,10,6855,False,sparql,"{""disambiguation_risk"": false, ""pageview_zero"": false}"
Q4208765,Wojciech Kajtoch,writers,real,3,563,3,11618,False,sparql,"{""disambiguation_risk"": false, ""pageview_zero"": false}"
Q3161973,Janina Katz,writers,real,3,398,9,7117,False,sparql,"{""disambiguation_risk"": false, ""pageview_zero"": false}"
Q1579284,Jan Effenberger-Śliwiński,writers,real,3,532,3,10863,False,sparql,"{""disambiguation_risk"": false, ""pageview_zero"": false}"
Q9382884,Włodzimierz Zawadzki (fizyk),writers,real,3,470,1,5104,False,sparql,"{""disambiguation_risk"": false, ""pageview_zero"": false}"
Q4972399,Jerzy Stachurski,writers,real,3,470,3,16299,False,sparql,"{""disambiguation_risk"": false, ""pageview_zero"": false}"
Q9388229,Zbigniew Przyrowski,writers,real,4,656,2,10910,False,sparql,"{""disambiguation_risk"": false, ""pageview_zero"": false}"
Q9335784,Seweryna Duchińska,writers,real,4,766,5,6259,False,sparql,"{""disambiguation_risk"": false, ""pageview_zero"": false}"
Q9388799,Zbyszko Bednorz,writers,real,4,613,3,15457,False,sparql,"{""disambiguation_risk"": false, ""pageview_zero"": false}"
Q52005201,Martyna Majok,writers,real,4,672,8,7885,False,sparql,"{""disambiguation_risk"": false, ""pageview_zero"": false}"
Q4240584,Stefan Krzywoszewski,writers,real,4,624,3,5081,False,sparql,"{""disambiguation_risk"": false, ""pageview_zero"": false}"
Q11724765,Jerzy Jesionowski,writers,real,4,637,4,5037,False,sparql,"{""disambiguation_risk"": false, ""pageview_zero"": false}"
Q9354526,Tadeusz Kwiatkowski-Cugow,writers,real,4,588,2,9158,False,sparql,"{""disambiguation_risk"": false, ""pageview_zero"": false}"
Q11717972,Jan Kazimierz Siwek,writers,real,4,724,2,12919,False,sparql,"{""disambiguation_risk"": false, ""pageview_zero"": false}"
Q9324718,Ryszard Holzer,writers,real,4,649,2,4780,False,sparql,"{""disambiguation_risk"": false, ""pageview_zero"": false}"
Q102494510,Aleksandra Lipczak,writers,real,4,583,1,5289,False,sparql,"{""disambiguation_risk"": false, ""pageview_zero"": false}"
Q9154669,Aniela Dembowska,writers,real,4,641,2,3165,False,sparql,"{""disambiguation_risk"": false, ""pageview_zero"": false}"
Q1966369,Natasza Goerke,writers,real,4,618,7,8644,False,sparql,"{""disambiguation_risk"": false, ""pageview_zero"": false}"
Q11769257,Maria Ziółkowska,writers,real,4,614,2,3822,False,sparql,"{""disambiguation_risk"": false, ""pageview_zero"": false}"
Q330404,Abraham Morewski,writers,real,4,713,5,5371,False,sparql,"{""disambiguation_risk"": false, ""pageview_zero"": false}"
Q11718200,Jan Kuriata (polityk),writers,real,4,797,3,8808,False,sparql,"{""disambiguation_risk"": false, ""pageview_zero"": false}"
Q11731201,Józef Prutkowski,writers,real,4,785,3,4417,False,sparql,"{""disambiguation_risk"": false, ""pageview_zero"": false}"
Q100590850,Jacek Rębacz,writers,real,4,569,1,5419,False,sparql,"{""disambiguation_risk"": false, ""pageview_zero"": false}"
Q11737729,Kazimierz Brakoniecki,writers,real,4,716,3,5921,False,sparql,"{""disambiguation_risk"": false, ""pageview_zero"": false}"
Q11838205,Władysław Rabski,writers,real,4,629,3,5998,False,sparql,"{""disambiguation_risk"": false, ""pageview_zero"": false}"
Q11696076,Edmund Krzymuski,writers,real,4,754,4,4075,False,sparql,"{""disambiguation_risk"": false, ""pageview_zero"": false}"
Q55392573,Weronika Gogola,writers,real,4,778,3,3306,False,sparql,"{""disambiguation_risk"": false, ""pageview_zero"": false}"
Q4185157,Kazimierz Zalewski,writers,real,4,594,6,3892,False,sparql,"{""disambiguation_risk"": false, ""pageview_zero"": false}"
Q11742668,Konrad Eberhardt,writers,real,4,812,2,4536,False,sparql,"{""disambiguation_risk"": false, ""pageview_zero"": false}"
Q11719358,Jan Wantuła,writers,real,4,679,1,6493,False,sparql,"{""disambiguation_risk"": false, ""pageview_zero"": false}"
Q135430462,Wanda Żukowska,writers,real,4,598,1,23961,False,sparql,"{""disambiguation_risk"": false, ""pageview_zero"": false}"
Q24717963,Stanisław Szpotański,writers,real,4,594,1,5732,False,sparql,"{""disambiguation_risk"": false, ""pageview_zero"": false}"
Q6757192,Marcin Baran,writers,real,4,805,7,7542,False,sparql,"{""disambiguation_risk"": false, ""pageview_zero"": false}"
Q9169322,Bernard Singer,writers,real,4,735,2,4439,False,sparql,"{""disambiguation_risk"": false, ""pageview_zero"": false}"
Q11737632,Kazimiera Dębska,writers,real,4,572,1,2029,True,sparql,"{""disambiguation_risk"": false, ""pageview_zero"": false}"
Q3889237,Feliks Zamenhof,writers,real,4,721,6,4999,False,sparql,"{""disambiguation_risk"": false, ""pageview_zero"": false}"
Q9343464,Stanisław Zieliński (pisarz),writers,real,5,1150,3,9234,False,sparql,"{""disambiguation_risk"": false, ""pageview_zero"": false}"
Q11748656,Krystyna Boglar,writers,real,5,1159,4,3762,False,sparql,"{""disambiguation_risk"": false, ""pageview_zero"": false}"
Q9345185,Stefan Maria Kuczyński,writers,real,5,1165,5,10445,False,sparql,"{""disambiguation_risk"": false, ""pageview_zero"": false}"
Q9154528,Angelika Kuźniak,writers,real,5,1082,2,5997,False,sparql,"{""disambiguation_risk"": false, ""pageview_zero"": false}"
Q11813772,Paulina Bisztyga,writers,real,5,1223,6,6797,False,sparql,"{""disambiguation_risk"": false, ""pageview_zero"": false}"
Q10965994,Jan Chęciński,writers,real,5,1082,6,3720,False,sparql,"{""disambiguation_risk"": false, ""pageview_zero"": false}"
Q9359507,Tomasz Majeran,writers,real,5,864,3,6065,False,sparql,"{""disambiguation_risk"": false, ""pageview_zero"": false}"
Q11731264,Józef Rogosz,writers,real,5,884,4,7760,False,sparql,"{""disambiguation_risk"": false, ""pageview_zero"": false}"
Q11719347,Jan Walc,writers,real,5,932,6,16345,False,sparql,"{""disambiguation_risk"": false, ""pageview_zero"": false}"
Q437433,Anna Langfus,writers,real,5,1084,19,11822,False,sparql,"{""disambiguation_risk"": false, ""pageview_zero"": false}"
Q11754925,Leszek Bugajski,writers,real,5,861,2,10782,False,sparql,"{""disambiguation_risk"": false, ""pageview_zero"": false}"
Q9369812,Wacław Sadkowski,writers,real,5,1045,2,20075,False,sparql,"{""disambiguation_risk"": false, ""pageview_zero"": false}"
Q4266561,Tadeusz Łopalewski,writers,real,5,956,4,6179,False,sparql,"{""disambiguation_risk"": false, ""pageview_zero"": false}"
Q11724616,Jerzy Gierałtowski,writers,real,5,1188,2,2130,False,sparql,"{""disambiguation_risk"": false, ""pageview_zero"": false}"
Q12035521,Mariusz Surosz,writers,real,5,864,3,5528,False,sparql,"{""disambiguation_risk"": false, ""pageview_zero"": false}"
Q6185582,Jerzy Zaruba,writers,real,5,1136,4,10278,False,sparql,"{""disambiguation_risk"": false, ""pageview_zero"": false}"
Q9387972,Zbigniew Jerzyna,writers,real,5,985,4,7122,False,sparql,"{""disambiguation_risk"": false, ""pageview_zero"": false}"
Q48856069,Michalina Janoszanka,writers,real,5,1070,3,4956,False,sparql,"{""disambiguation_risk"": false, ""pageview_zero"": false}"
Q19268790,Marta Guśniowska,writers,real,5,944,2,17048,False,sparql,"{""disambiguation_risk"": false, ""pageview_zero"": false}"
Q11765296,Maciej Bieniasz,writers,real,5,881,2,8987,False,sparql,"{""disambiguation_risk"": false, ""pageview_zero"": false}"
Q105098127,Zdzisław Podbielski,writers,real,5,1067,2,18496,False,sparql,"{""disambiguation_risk"": false, ""pageview_zero"": false}"
Q9354157,Tadeusz Chróścielewski,writers,real,5,967,3,7878,False,sparql,"{""disambiguation_risk"": false, ""pageview_zero"": false}"
Q21288234,Stanisław Maria Saliński,writers,real,5,1034,3,13593,False,sparql,"{""disambiguation_risk"": false, ""pageview_zero"": false}"
Q9175631,Bogumiła Żongołłowicz,writers,real,5,919,2,14115,False,sparql,"{""disambiguation_risk"": false, ""pageview_zero"": false}"
Q11736142,Karol Koźmiński,writers,real,5,1249,3,14168,False,sparql,"{""disambiguation_risk"": false, ""pageview_zero"": false}"
Q302639,Alter Kacyzne,writers,real,5,1017,11,6880,False,sparql,"{""disambiguation_risk"": false, ""pageview_zero"": false}"
Q11724839,Jerzy Kochan,writers,real,5,1174,1,9116,False,sparql,"{""disambiguation_risk"": false, ""pageview_zero"": false}"
Q5223020,Dariusz Rekosz,writers,real,5,866,5,33682,False,sparql,"{""disambiguation_risk"": false, ""pageview_zero"": false}"
Q8866122,Józef Zieliński (działacz robotniczy),writers,real,5,880,2,24214,False,sparql,"{""disambiguation_risk"": false, ""pageview_zero"": false}"
Q9367214,Urszula Zybura,writers,real,5,1006,7,6163,False,sparql,"{""disambiguation_risk"": false, ""pageview_zero"": false}"
Q11768092,Marek Dagnan,writers,real,6,1387,2,8973,False,sparql,"{""disambiguation_risk"": false, ""pageview_zero"": false}"
Q1681663,Jan Brzękowski,writers,real,6,1791,8,8183,False,sparql,"{""disambiguation_risk"": false, ""pageview_zero"": false}"
Q24941852,Stefania Korżawska,writers,real,6,1943,1,3339,False,sparql,"{""disambiguation_risk"": false, ""pageview_zero"": false}"
Q112892620,Emilia Konwerska,writers,real,6,1737,2,5781,False,sparql,"{""disambiguation_risk"": false, ""pageview_zero"": false}"
Q836348,Karol Boromeusz Hoffman,writers,real,6,1658,11,12168,False,sparql,"{""disambiguation_risk"": false, ""pageview_zero"": false}"
Q14918068,Joanna Guze,writers,real,6,1799,3,13729,False,sparql,"{""disambiguation_risk"": false, ""pageview_zero"": false}"
Q11742960,Konstanty Puzyna,writers,real,6,1557,2,6538,False,sparql,"{""disambiguation_risk"": false, ""pageview_zero"": false}"
Q4118730,Adolf Gawalewicz,writers,real,6,1565,3,4018,False,sparql,"{""disambiguation_risk"": false, ""pageview_zero"": false}"
Q11731952,Jędrek Połonina,writers,real,6,1816,2,5262,False,sparql,"{""disambiguation_risk"": false, ""pageview_zero"": false}"
Q19268846,Małgorzata Sikorska-Miszczuk,writers,real,6,1378,5,85378,False,sparql,"{""disambiguation_risk"": false, ""pageview_zero"": false}"
Q4371751,Adam Pomorski,writers,real,6,2010,5,10187,False,sparql,"{""disambiguation_risk"": false, ""pageview_zero"": false}"
Q11779930,Mieczysław Piotrowski (pisarz),writers,real,6,1989,3,10541,False,sparql,"{""disambiguation_risk"": false, ""pageview_zero"": false}"
Q7441834,Stefan Żechowski,writers,real,6,1638,2,8408,False,sparql,"{""disambiguation_risk"": false, ""pageview_zero"": false}"
Q11765574,Maciej Pisuk,writers,real,6,1834,1,5932,False,sparql,"{""disambiguation_risk"": false, ""pageview_zero"": false}"
Q11686375,Antoni Cwojdziński,writers,real,6,1287,2,6130,False,sparql,"{""disambiguation_risk"": false, ""pageview_zero"": false}"
Q9176829,Bolesław Mrówczyński,writers,real,6,1347,2,7118,False,sparql,"{""disambiguation_risk"": false, ""pageview_zero"": false}"
Q2833383,Alexandre-Édouard Kierzkowski,writers,real,6,1279,6,8325,False,sparql,"{""disambiguation_risk"": false, ""pageview_zero"": false}"
Q85867376,Piotr Langenfeld,writers,real,6,1327,2,5402,False,sparql,"{""disambiguation_risk"": false, ""pageview_zero"": false}"
Q11817802,Piotr Matywiecki,writers,real,6,1789,4,11769,False,sparql,"{""disambiguation_risk"": false, ""pageview_zero"": false}"
Q7606229,Stefan Pastuszewski,writers,real,6,1611,4,13648,False,sparql,"{""disambiguation_risk"": false, ""pageview_zero"": false}"
Q9281722,Grzegorz Białkowski,writers,real,6,1975,4,8742,False,sparql,"{""disambiguation_risk"": false, ""pageview_zero"": false}"
Q17362167,Jerzy Kleyny,writers,real,6,1605,2,4299,False,sparql,"{""disambiguation_risk"": false, ""pageview_zero"": false}"
Q4184086,Bohdan Zadura,writers,real,6,2071,11,18985,False,sparql,"{""disambiguation_risk"": false, ""pageview_zero"": false}"
Q4502270,Jerzy Hulewicz,writers,real,6,1524,4,8334,False,sparql,"{""disambiguation_risk"": false, ""pageview_zero"": false}"
Q9141894,Agata Budzyńska,writers,real,6,1399,2,6366,False,sparql,"{""disambiguation_risk"": false, ""pageview_zero"": false}"
Q11749717,Krzysztof Szatrawski,writers,real,6,1364,6,16365,False,sparql,"{""disambiguation_risk"": false, ""pageview_zero"": false}"
Q24451839,Robert Rient,writers,real,6,1911,3,16067,False,sparql,"{""disambiguation_risk"": false, ""pageview_zero"": false}"
Q984172,Tadeusz Nowakowski (pisarz),writers,real,6,2022,4,13664,False,sparql,"{""disambiguation_risk"": false, ""pageview_zero"": false}"
Q11817861,Piotr Müldner-Nieckowski,writers,real,6,1547,4,19983,False,sparql,"{""disambiguation_risk"": false, ""pageview_zero"": false}"
Q9357261,Teresa Bogucka,writers,real,6,1749,2,8932,False,sparql,"{""disambiguation_risk"": false, ""pageview_zero"": false}"
Q114972912,Sylwia Zientek,writers,real,7,2667,2,11645,False,sparql,"{""disambiguation_risk"": false, ""pageview_zero"": false}"
Q9375285,Wioletta Grzegorzewska,writers,real,7,2476,5,19791,False,sparql,"{""disambiguation_risk"": false, ""pageview_zero"": false}"
Q824542,Jerzy Bielecki (1921– 2011),writers,real,7,2474,7,5691,False,sparql,"{""disambiguation_risk"": false, ""pageview_zero"": false}"
Q25409505,Urszula Honek,writers,real,7,2809,4,12703,False,sparql,"{""disambiguation_risk"": false, ""pageview_zero"": false}"
Q16592218,Przemysław Semczuk,writers,real,7,3497,3,6026,False,sparql,"{""disambiguation_risk"": false, ""pageview_zero"": false}"
Q11719843,Janina Mortkowiczowa,writers,real,7,2653,6,7271,False,sparql,"{""disambiguation_risk"": false, ""pageview_zero"": false}"
Q7944083,Lucjan Szenwald,writers,real,7,3841,7,21585,False,sparql,"{""disambiguation_risk"": false, ""pageview_zero"": false}"
Q9209805,Dominik Nowak,writers,real,7,2274,3,5243,False,sparql,"{""disambiguation_risk"": false, ""pageview_zero"": false}"
Q85866913,Olga Drenda,writers,real,7,4162,3,5599,False,sparql,"{""disambiguation_risk"": false, ""pageview_zero"": false}"
Q11828934,Przemysław Mieszko Rudź,writers,real,7,2170,3,22524,False,sparql,"{""disambiguation_risk"": false, ""pageview_zero"": false}"
Q1715100,Józef Kremer,writers,real,7,2945,9,8400,False,sparql,"{""disambiguation_risk"": false, ""pageview_zero"": false}"
Q9354934,Tadeusz Sławek,writers,real,7,4321,4,20246,False,sparql,"{""disambiguation_risk"": false, ""pageview_zero"": false}"
Q11792289,Nina Karsov,writers,real,7,3576,1,5007,False,sparql,"{""disambiguation_risk"": false, ""pageview_zero"": false}"
Q2096283,Piotr Kuncewicz,writers,real,7,2885,6,8307,False,sparql,"{""disambiguation_risk"": false, ""pageview_zero"": false}"
Q9250956,Edward Kajdański,writers,real,7,2586,4,7724,False,sparql,"{""disambiguation_risk"": false, ""pageview_zero"": false}"
Q11749686,Krzysztof Siwczyk,writers,real,7,3616,6,11184,False,sparql,"{""disambiguation_risk"": false, ""pageview_zero"": false}"
Q2153611,Stanisław Dróżdż (poeta),writers,real,7,2278,7,11744,False,sparql,"{""disambiguation_risk"": false, ""pageview_zero"": false}"
Q57442,Victor Klemperer,writers,real,7,2412,34,6562,False,sparql,"{""disambiguation_risk"": false, ""pageview_zero"": false}"
Q325047,Tomasz Tryzna,writers,real,7,2999,5,4178,False,sparql,"{""disambiguation_risk"": false, ""pageview_zero"": false}"
Q4260862,Jerzy Liebert,writers,real,7,3128,6,7118,False,sparql,"{""disambiguation_risk"": false, ""pageview_zero"": false}"
Q11816252,Pia Górska,writers,real,7,3051,4,12524,False,sparql,"{""disambiguation_risk"": false, ""pageview_zero"": false}"
Q11780098,Mieczysława Buczkówna,writers,real,7,3147,2,4707,False,sparql,"{""disambiguation_risk"": false, ""pageview_zero"": false}"
Q24428493,Zośka Papużanka,writers,real,7,3543,3,5435,False,sparql,"{""disambiguation_risk"": false, ""pageview_zero"": false}"
Q2713080,Wawrzyniec Żuławski,writers,real,7,3367,10,12432,False,sparql,"{""disambiguation_risk"": false, ""pageview_zero"": false}"
Q3917377,Ewa Felińska,writers,real,7,2123,10,8614,False,sparql,"{""disambiguation_risk"": false, ""pageview_zero"": false}"
Q11724981,Jerzy Limon,writers,real,7,2966,4,15809,False,sparql,"{""disambiguation_risk"": false, ""pageview_zero"": false}"
Q11719782,Janina Barbara Sokołowska,writers,real,7,2911,2,13959,False,sparql,"{""disambiguation_risk"": false, ""pageview_zero"": false}"
Q9354154,Tadeusz Chrzanowski,writers,real,7,2341,3,15033,False,sparql,"{""disambiguation_risk"": false, ""pageview_zero"": false}"
Q9357327,Teresa Lubkiewicz-Urbanowicz,writers,real,7,2614,2,3991,False,sparql,"{""disambiguation_risk"": false, ""pageview_zero"": false}"
Q9324846,Ryszard Milczewski-Bruno,writers,real,7,3600,3,11160,False,sparql,"{""disambiguation_risk"": false, ""pageview_zero"": false}"
Q3180512,Adam Włodek,writers,real,8,6252,8,8682,False,sparql,"{""disambiguation_risk"": false, ""pageview_zero"": false}"
Q11789962,Natalia Gałczyńska,writers,real,8,7235,3,12169,False,sparql,"{""disambiguation_risk"": false, ""pageview_zero"": false}"
Q4237839,Władysław Wincenty Krasiński,writers,real,8,4531,7,4170,False,sparql,"{""disambiguation_risk"": false, ""pageview_zero"": false}"
Q1394353,Tadeusz Makowski,writers,real,8,7400,16,12879,False,sparql,"{""disambiguation_risk"": false, ""pageview_zero"": false}"
Q714811,Artur Sandauer,writers,real,8,6037,8,14197,False,sparql,"{""disambiguation_risk"": false, ""pageview_zero"": false}"
Q960370,Julian Stryjkowski,writers,real,8,6667,14,26887,False,sparql,"{""disambiguation_risk"": false, ""pageview_zero"": false}"
Q17648202,Bohdan Kos,writers,real,8,4953,2,4433,False,sparql,"{""disambiguation_risk"": false, ""pageview_zero"": false}"
Q5345012,Edward Redliński,writers,real,8,10511,7,11053,False,sparql,"{""disambiguation_risk"": false, ""pageview_zero"": false}"
Q6532145,Leszek Długosz,writers,real,8,8053,7,20333,False,sparql,"{""disambiguation_risk"": false, ""pageview_zero"": false}"
Q740816,Tadeusz Peiper,writers,real,8,5825,14,8007,False,sparql,"{""disambiguation_risk"": false, ""pageview_zero"": false}"
Q3506389,Seweryna Szmaglewska,writers,real,8,12645,13,10079,False,sparql,"{""disambiguation_risk"": false, ""pageview_zero"": false}"
Q245369,Zygmunt Miłkowski (pisarz),writers,real,8,6786,13,29090,False,sparql,"{""disambiguation_risk"": false, ""pageview_zero"": false}"
Q4482448,Feliks W. Kres,writers,real,8,8987,7,22095,False,sparql,"{""disambiguation_risk"": false, ""pageview_zero"": false}"
Q11789993,Natalia Rolleczek,writers,real,8,9558,3,18444,False,sparql,"{""disambiguation_risk"": false, ""pageview_zero"": false}"
Q17486631,Krzysztof Środa,writers,real,8,8962,1,4155,False,sparql,"{""disambiguation_risk"": false, ""pageview_zero"": false}"
Q274324,Jadwiga Łuszczewska,writers,real,8,7825,17,10403,False,sparql,"{""disambiguation_risk"": false, ""pageview_zero"": false}"
Q7943202,Zofia Nasierowska,writers,real,8,11933,8,9987,False,sparql,"{""disambiguation_risk"": false, ""pageview_zero"": false}"
Q523087,Ludwik Fleck,writers,real,8,6599,24,8724,False,sparql,"{""disambiguation_risk"": false, ""pageview_zero"": false}"
Q19268351,Katarzyna Berenika Miszczuk,writers,real,8,13640,4,15623,False,sparql,"{""disambiguation_risk"": false, ""pageview_zero"": false}"
Q114172142,Anita Głowińska,writers,real,8,9064,1,6704,False,sparql,"{""disambiguation_risk"": false, ""pageview_zero"": false}"
Q724811,Juliusz Kaden-Bandrowski,writers,real,8,8621,17,20944,False,sparql,"{""disambiguation_risk"": false, ""pageview_zero"": false}"
Q2038910,Wacław Sieroszewski,writers,real,8,8841,17,27881,False,sparql,"{""disambiguation_risk"": false, ""pageview_zero"": false}"
Q11767532,Marcin Ciszewski (pisarz),writers,real,8,14343,2,8605,False,sparql,"{""disambiguation_risk"": false, ""pageview_zero"": false}"
Q11765733,Maciej Zimiński,writers,real,8,8245,2,7674,False,sparql,"{""disambiguation_risk"": false, ""pageview_zero"": false}"
Q11769251,Maria Zarębińska,writers,real,8,4749,1,5016,False,sparql,"{""disambiguation_risk"": false, ""pageview_zero"": false}"
Q11685073,Aleksander Minkowski,writers,real,8,6162,2,12015,False,sparql,"{""disambiguation_risk"": false, ""pageview_zero"": false}"
Q713144,Jerzy Prokopiuk,writers,real,8,7056,9,18750,False,sparql,"{""disambiguation_risk"": false, ""pageview_zero"": false}"
Q7941366,Michał Choromański,writers,real,8,5257,8,9710,False,sparql,"{""disambiguation_risk"": false, ""pageview_zero"": false}"
Q11753465,Lech Emfazy Stefański,writers,real,8,5040,5,10032,False,sparql,"{""disambiguation_risk"": false, ""pageview_zero"": false}"
Q9375850,Witold Szabłowski,writers,real,8,8826,8,16007,False,sparql,"{""disambiguation_risk"": false, ""pageview_zero"": false}"
Q718495,Leopold Tyrmand,writers,real,9,48887,10,25335,False,sparql,"{""disambiguation_risk"": false, ""pageview_zero"": false}"
Q9367180,Urszula Kozioł,writers,real,9,24245,14,25062,False,sparql,"{""disambiguation_risk"": false, ""pageview_zero"": false}"
Q1162033,Daniel Passent,writers,real,9,38617,8,25978,False,sparql,"{""disambiguation_risk"": false, ""pageview_zero"": false}"
Q3847348,Leonid Teliga,writers,real,9,17321,9,24381,False,sparql,"{""disambiguation_risk"": false, ""pageview_zero"": false}"
Q386539,Urszula Dudziak,writers,real,9,104302,19,50869,False,sparql,"{""disambiguation_risk"": false, ""pageview_zero"": false}"
Q11779183,Michał Rusinek (literaturoznawca),writers,real,9,22773,3,14337,False,sparql,"{""disambiguation_risk"": false, ""pageview_zero"": false}"
Q6530,Stanisław Lem,writers,real,9,150843,102,151679,True,sparql,"{""disambiguation_risk"": false, ""pageview_zero"": false}"
Q558960,Jarosław Iwaszkiewicz,writers,real,9,79805,30,33008,True,sparql,"{""disambiguation_risk"": false, ""pageview_zero"": false}"
Q41502,Henryk Sienkiewicz,writers,real,9,177650,138,60942,True,sparql,"{""disambiguation_risk"": false, ""pageview_zero"": false}"
Q586493,Krzysztof Teodor Toeplitz,writers,real,9,20480,7,16037,False,sparql,"{""disambiguation_risk"": false, ""pageview_zero"": false}"
Q9389839,Zdzisław Rychter,writers,real,9,42011,1,6474,False,sparql,"{""disambiguation_risk"": false, ""pageview_zero"": false}"
Q347767,Jerzy Andrzejewski,writers,real,9,35253,30,21293,False,sparql,"{""disambiguation_risk"": false, ""pageview_zero"": false}"
Q6699463,Ludwika Jędrzejewiczowa,writers,real,9,19304,10,6272,False,sparql,"{""disambiguation_risk"": false, ""pageview_zero"": false}"
Q2415533,Jan Klata,writers,real,9,28243,8,13502,False,sparql,"{""disambiguation_risk"": false, ""pageview_zero"": false}"
Q1067346,Jacek Dukaj,writers,real,9,60937,20,40727,False,sparql,"{""disambiguation_risk"": false, ""pageview_zero"": false}"
Q704516,Tadeusz Konwicki,writers,real,9,38168,32,59284,True,sparql,"{""disambiguation_risk"": false, ""pageview_zero"": false}"
Q45970,Czesław Miłosz,writers,real,9,112637,123,59914,True,sparql,"{""disambiguation_risk"": false, ""pageview_zero"": false}"
Q2338585,Jacek Dehnel,writers,real,9,19271,17,39668,False,sparql,"{""disambiguation_risk"": false, ""pageview_zero"": false}"
Q616735,Jan Parandowski,writers,real,9,46447,23,21776,False,sparql,"{""disambiguation_risk"": false, ""pageview_zero"": false}"
Q11814225,Paweł Lisicki,writers,real,9,28007,4,19334,False,sparql,"{""disambiguation_risk"": false, ""pageview_zero"": false}"
Q240174,Eliza Orzeszkowa,writers,real,9,59674,49,35075,True,sparql,"{""disambiguation_risk"": false, ""pageview_zero"": false}"
Q321613,Bronisław Wildstein,writers,real,9,41111,10,33794,False,sparql,"{""disambiguation_risk"": false, ""pageview_zero"": false}"
Q2370712,Kazimierz Wierzyński,writers,real,9,17414,18,28742,False,sparql,"{""disambiguation_risk"": false, ""pageview_zero"": false}"
Q9373463,Wiesław Dymny,writers,real,9,59334,6,10529,False,sparql,"{""disambiguation_risk"": false, ""pageview_zero"": false}"
Q351222,Adam Zagajewski,writers,real,9,16092,42,35724,True,sparql,"{""disambiguation_risk"": false, ""pageview_zero"": false}"
Q11768346,Marek Nowakowski,writers,real,9,19649,5,24862,False,sparql,"{""disambiguation_risk"": false, ""pageview_zero"": false}"
Q327275,Tadeusz Różewicz,writers,real,9,50831,42,48767,True,sparql,"{""disambiguation_risk"": false, ""pageview_zero"": false}"
Q979931,Jakub Ćwiek,writers,real,9,21341,10,35245,False,sparql,"{""disambiguation_risk"": false, ""pageview_zero"": false}"
Q11749169,Krzysztof Daukszewicz,writers,real,9,31191,3,20040,False,sparql,"{""disambiguation_risk"": false, ""pageview_zero"": false}"
Q589731,Stanisław Skalski (lotnik),writers,real,9,55224,15,52546,False,sparql,"{""disambiguation_risk"": false, ""pageview_zero"": false}"
,Beata Jankowczyk,writers,fabricated,-1,0,0,0,False,fabricated,"{""tok_1.5b"": 4, ""tok_11b"": 7}"
,Zbigniew Michalakak,writers,fabricated,-1,0,0,0,False,fabricated,"{""tok_1.5b"": 4, ""tok_11b"": 8}"
,Bogdan Rybakek,writers,fabricated,-1,0,0,0,False,fabricated,"{""tok_1.5b"": 4, ""tok_11b"": 6}"
,Beata Pucyk,writers,fabricated,-1,0,0,0,False,fabricated,"{""tok_1.5b"": 3, ""tok_11b"": 5}"
,Jarosław Stępieńowicz,writers,fabricated,-1,0,0,0,False,fabricated,"{""tok_1.5b"": 4, ""tok_11b"": 9}"
,Halina Sępko,writers,fabricated,-1,0,0,0,False,fabricated,"{""tok_1.5b"": 5, ""tok_11b"": 5}"
,Wojciech Jabłońiński,writers,fabricated,-1,0,0,0,False,fabricated,"{""tok_1.5b"": 5, ""tok_11b"": 10}"
,Wojciech Roka,writers,fabricated,-1,0,0,0,False,fabricated,"{""tok_1.5b"": 3, ""tok_11b"": 6}"
,Andrzej Górskiowicz,writers,fabricated,-1,0,0,0,False,fabricated,"{""tok_1.5b"": 4, ""tok_11b"": 7}"
,Danuta Lisa,writers,fabricated,-1,0,0,0,False,fabricated,"{""tok_1.5b"": 3, ""tok_11b"": 3}"
,Iwona Rybakewski,writers,fabricated,-1,0,0,0,False,fabricated,"{""tok_1.5b"": 4, ""tok_11b"": 8}"
,Marek Fikka,writers,fabricated,-1,0,0,0,False,fabricated,"{""tok_1.5b"": 4, ""tok_11b"": 6}"
,Remigiusz Dylyk,writers,fabricated,-1,0,0,0,False,fabricated,"{""tok_1.5b"": 6, ""tok_11b"": 7}"
,Cezary Wieczorowiak,writers,fabricated,-1,0,0,0,False,fabricated,"{""tok_1.5b"": 5, ""tok_11b"": 9}"
,Roksana Rutkowski,writers,fabricated,-1,0,0,0,False,fabricated,"{""tok_1.5b"": 5, ""tok_11b"": 7}"
,Dawid Kotik,writers,fabricated,-1,0,0,0,False,fabricated,"{""tok_1.5b"": 4, ""tok_11b"": 4}"
,Stanisław Lemowski,writers,fabricated,-1,0,0,0,True,fabricated,"{""tok_1.5b"": 3, ""tok_11b"": 5}"
,Halina Wiśniewek,writers,fabricated,-1,0,0,0,False,fabricated,"{""tok_1.5b"": 5, ""tok_11b"": 7}"
,Ewa Wróbelowski,writers,fabricated,-1,0,0,0,False,fabricated,"{""tok_1.5b"": 5, ""tok_11b"": 6}"
,Roksana Walczakowicz,writers,fabricated,-1,0,0,0,False,fabricated,"{""tok_1.5b"": 6, ""tok_11b"": 8}"
,Szymon Lewandowicki,writers,fabricated,-1,0,0,0,False,fabricated,"{""tok_1.5b"": 4, ""tok_11b"": 8}"
,Jakub Wiśniewarczyk,writers,fabricated,-1,0,0,0,False,fabricated,"{""tok_1.5b"": 5, ""tok_11b"": 9}"
,Zofia Rybakski,writers,fabricated,-1,0,0,0,False,fabricated,"{""tok_1.5b"": 4, ""tok_11b"": 7}"
,Filip Gajyk,writers,fabricated,-1,0,0,0,False,fabricated,"{""tok_1.5b"": 5, ""tok_11b"": 4}"
,Katarzyna Jaśik,writers,fabricated,-1,0,0,0,False,fabricated,"{""tok_1.5b"": 4, ""tok_11b"": 7}"
,Adam Rzepik,writers,fabricated,-1,0,0,0,True,fabricated,"{""tok_1.5b"": 4, ""tok_11b"": 5}"
,Justyna Kosko,writers,fabricated,-1,0,0,0,False,fabricated,"{""tok_1.5b"": 3, ""tok_11b"": 4}"
,Justyna Michalakowski,writers,fabricated,-1,0,0,0,False,fabricated,"{""tok_1.5b"": 4, ""tok_11b"": 6}"
,Wanda Rokka,writers,fabricated,-1,0,0,0,False,fabricated,"{""tok_1.5b"": 3, ""tok_11b"": 5}"
,Patryk Pawłowak,writers,fabricated,-1,0,0,0,False,fabricated,"{""tok_1.5b"": 4, ""tok_11b"": 8}"
,Roksana Wójcikewski,writers,fabricated,-1,0,0,0,False,fabricated,"{""tok_1.5b"": 7, ""tok_11b"": 9}"
,Antoni Wiśniewowicz,writers,fabricated,-1,0,0,0,False,fabricated,"{""tok_1.5b"": 5, ""tok_11b"": 8}"
,Bogdan Pietrzakowicz,writers,fabricated,-1,0,0,0,False,fabricated,"{""tok_1.5b"": 5, ""tok_11b"": 7}"
,Rafał Jabłońwicz,writers,fabricated,-1,0,0,0,False,fabricated,"{""tok_1.5b"": 4, ""tok_11b"": 8}"
,Jakub Jankowwicz,writers,fabricated,-1,0,0,0,False,fabricated,"{""tok_1.5b"": 4, ""tok_11b"": 7}"
,Halina Wróblewarczyk,writers,fabricated,-1,0,0,0,False,fabricated,"{""tok_1.5b"": 6, ""tok_11b"": 8}"
,Ignacy Wróbelski,writers,fabricated,-1,0,0,0,False,fabricated,"{""tok_1.5b"": 5, ""tok_11b"": 7}"
,Zofia Pietrzakczyk,writers,fabricated,-1,0,0,0,False,fabricated,"{""tok_1.5b"": 5, ""tok_11b"": 8}"
,Katarzyna Bąkek,writers,fabricated,-1,0,0,0,False,fabricated,"{""tok_1.5b"": 5, ""tok_11b"": 8}"
,Patryk Woźniakecki,writers,fabricated,-1,0,0,0,False,fabricated,"{""tok_1.5b"": 4, ""tok_11b"": 9}"
,Dawid Witkowowicz,writers,fabricated,-1,0,0,0,False,fabricated,"{""tok_1.5b"": 4, ""tok_11b"": 7}"
,Stanisław Raka,writers,fabricated,-1,0,0,0,False,fabricated,"{""tok_1.5b"": 3, ""tok_11b"": 5}"
,Jakub Grabowowiak,writers,fabricated,-1,0,0,0,False,fabricated,"{""tok_1.5b"": 4, ""tok_11b"": 6}"
,Marek Walczakwicz,writers,fabricated,-1,0,0,0,False,fabricated,"{""tok_1.5b"": 4, ""tok_11b"": 8}"
,Irena Lewandowczyk,writers,fabricated,-1,0,0,0,False,fabricated,"{""tok_1.5b"": 4, ""tok_11b"": 7}"
,Danuta Fikka,writers,fabricated,-1,0,0,0,False,fabricated,"{""tok_1.5b"": 5, ""tok_11b"": 5}"
,Patryk Sobczakowicz,writers,fabricated,-1,0,0,0,False,fabricated,"{""tok_1.5b"": 4, ""tok_11b"": 9}"
,Władysław Remski,writers,fabricated,-1,0,0,0,True,fabricated,"{""tok_1.5b"": 3, ""tok_11b"": 6}"
,Konstanty Gałczewski,writers,fabricated,-1,0,0,0,True,fabricated,"{""tok_1.5b"": 4, ""tok_11b"": 8}"
,Joanna Królski,writers,fabricated,-1,0,0,0,False,fabricated,"{""tok_1.5b"": 3, ""tok_11b"": 5}"
,Juliusz Słowecki,writers,fabricated,-1,0,0,0,True,fabricated,"{""tok_1.5b"": 3, ""tok_11b"": 8}"
,Paweł Michalwicz,writers,fabricated,-1,0,0,0,False,fabricated,"{""tok_1.5b"": 3, ""tok_11b"": 7}"
,Danuta Nowickiowiak,writers,fabricated,-1,0,0,0,False,fabricated,"{""tok_1.5b"": 5, ""tok_11b"": 7}"
,Danuta Cieślel,writers,fabricated,-1,0,0,0,False,fabricated,"{""tok_1.5b"": 5, ""tok_11b"": 7}"
,Anna Szymańowiak,writers,fabricated,-1,0,0,0,False,fabricated,"{""tok_1.5b"": 4, ""tok_11b"": 7}"
,Tadeusz Falel,writers,fabricated,-1,0,0,0,False,fabricated,"{""tok_1.5b"": 4, ""tok_11b"": 5}"
,Barbara Kamińcki,writers,fabricated,-1,0,0,0,False,fabricated,"{""tok_1.5b"": 4, ""tok_11b"": 6}"
,Rafał Cieślel,writers,fabricated,-1,0,0,0,False,fabricated,"{""tok_1.5b"": 4, ""tok_11b"": 7}"
,Stanisław Łośka,writers,fabricated,-1,0,0,0,False,fabricated,"{""tok_1.5b"": 3, ""tok_11b"": 7}"
,Filip Rybakek,writers,fabricated,-1,0,0,0,False,fabricated,"{""tok_1.5b"": 4, ""tok_11b"": 5}"
